task_id,duration,vm,start,end
3,9,vm4,1765121908.1662538,1765121908.909396
4,20,vm5,1765121908.166537,1765121909.4714646
5,12,vm4,1765121908.9100363,1765121909.8197887
2,20,vm3,1765121908.1654558,1765121909.8612444
0,19,vm1,1765121908.1644988,1765121910.2924178
7,16,vm4,1765121909.8203812,1765121910.9716618
9,17,vm1,1765121910.2929952,1765121912.1219943
10,20,vm4,1765121910.9722798,1765121912.740852
8,44,vm3,1765121909.8619428,1765121913.3599684
11,20,vm4,1765121912.1225638,1765121913.8041205
14,8,vm4,1765121913.804696,1765121914.4793446
6,99,vm5,1765121909.4721103,1765121914.9240174
16,15,vm5,1765121914.9246,1765121915.8969746
1,118,vm2,1765121908.1648955,1765121918.6260648
13,82,vm3,1765121913.3606534,1765121919.5619888
17,58,vm5,1765121915.8975534,1765121920.0801735
15,101,vm4,1765121914.4802594,1765121921.3576045
18,41,vm5,1765121918.6267595,1765121921.641012
19,42,vm2,1765121919.5625634,1765121923.4169967
12,106,vm1,1765121912.7413893,1765121924.0190005
21,47,vm4,1765121921.3583097,1765121924.5074224
23,16,vm2,1765121923.4175973,1765121925.0264509
24,13,vm1,1765121924.0197682,1765121925.6431923
22,87,vm5,1765121921.6415546,1765121926.2619739
26,16,vm2,1765121925.0270216,1765121926.5390997
20,99,vm3,1765121920.0807543,1765121927.4690585
29,82,vm5,1765121926.5396771,1765121930.9489527
25,111,vm4,1765121924.5079951,1765121931.6882052
32,10,vm4,1765121931.6887782,1765121932.4863093
31,54,vm5,1765121930.9495397,1765121933.7672496
27,89,vm1,1765121925.6437821,1765121935.1270125
33,41,vm4,1765121932.4869153,1765121935.1953914
30,116,vm3,1765121927.4696662,1765121935.862699
34,39,vm5,1765121933.767866,1765121935.9014516
36,9,vm4,1765121935.1962004,1765121936.034865
35,7,vm1,1765121935.1276112,1765121936.2902856
39,59,vm4,1765121936.0355105,1765121940.1754127
41,13,vm3,1765121940.1760442,1765121941.2902715
28,114,vm2,1765121926.2626493,1765121941.5294597
37,115,vm5,1765121935.863463,1765121941.9552696
42,7,vm3,1765121941.2908957,1765121942.3606167
38,57,vm1,1765121935.902369,1765121943.3945954
46,18,vm5,1765121943.3951988,1765121944.5245469
43,36,vm3,1765121941.5300555,1765121946.9832537
40,95,vm2,1765121936.2909322,1765121947.135635
45,44,vm3,1765121942.3612874,1765121949.1072874
48,40,vm5,1765121946.983815,1765121949.2370691
44,120,vm4,1765121941.956029,1765121949.5721602
47,51,vm1,1765121944.525158,1765121950.1047673
49,32,vm3,1765121947.1362216,1765121950.5964496
