task_id,duration,vm,start,end
28,114,vm5,1765121998.2390113,1765122004.7277024
37,115,vm4,1765121998.2333145,1765122005.462062
30,116,vm3,1765121998.2291694,1765122007.4780629
1,118,vm2,1765121998.2288227,1765122008.9510262
25,111,vm5,1765122004.7283473,1765122010.3481872
44,120,vm1,1765121998.2281046,1765122011.9956803
12,106,vm4,1765122005.4627535,1765122013.2728002
15,101,vm3,1765122007.4789424,1765122014.8057306
20,99,vm5,1765122010.348816,1765122015.499889
6,99,vm2,1765122008.9516234,1765122017.176382
27,89,vm4,1765122013.2734675,1765122019.587547
13,82,vm5,1765122015.5006604,1765122019.704559
22,87,vm3,1765122014.8063583,1765122021.104887
40,95,vm1,1765122011.9964652,1765122022.2955995
17,58,vm5,1765122019.7052338,1765122022.9092975
29,82,vm2,1765122017.1770005,1765122024.0059462
39,59,vm4,1765122019.5882037,1765122024.0675845
31,54,vm3,1765122022.296337,1765122026.4218512
21,47,vm5,1765122024.0065765,1765122027.090482
47,51,vm4,1765122022.90991,1765122027.3604712
38,57,vm1,1765122021.1054938,1765122027.9097245
8,44,vm2,1765122024.0691223,1765122027.9660378
45,44,vm5,1765122026.4228485,1765122030.273286
18,41,vm4,1765122027.3613622,1765122030.2777042
19,42,vm3,1765122027.0912476,1765122030.3664205
48,40,vm5,1765122027.968677,1765122031.3790991
33,41,vm1,1765122027.9103458,1765122032.3119159
49,32,vm4,1765122030.3670743,1765122032.4839847
2,20,vm5,1765122031.3796995,1765122032.6525815
34,39,vm3,1765122030.2738853,1765122033.2191002
4,20,vm5,1765122032.3126185,1765122033.6029499
43,36,vm2,1765122030.2782202,1765122033.7190847
10,20,vm4,1765122032.4846046,1765122033.903146
9,17,vm5,1765122033.719688,1765122034.7182128
0,19,vm3,1765122033.2197874,1765122034.9760425
7,16,vm4,1765122033.9038203,1765122035.050293
11,20,vm1,1765122032.6531408,1765122035.1077735
46,18,vm2,1765122033.6037471,1765122035.7324493
23,16,vm5,1765122034.7188363,1765122035.7709112
16,15,vm4,1765122035.0511441,1765122036.1708856
26,16,vm3,1765122034.9765875,1765122036.3029602
5,12,vm5,1765122035.7715917,1765122036.586009
24,13,vm2,1765122035.1085026,1765122036.722209
3,9,vm4,1765122036.3036165,1765122037.03539
32,10,vm3,1765122036.1716275,1765122037.1105995
41,13,vm1,1765122035.7331612,1765122037.3322253
36,9,vm5,1765122036.5865986,1765122037.3771207
14,8,vm2,1765122036.7234595,1765122037.5961914
35,7,vm5,1765122037.0452895,1765122037.6689916
42,7,vm4,1765122037.1113517,1765122037.7002997
