task_id,duration,vm,start,end
14,8,vm5,1765122040.6470842,1765122041.2610629
42,7,vm2,1765122040.641837,1765122041.4618099
36,9,vm3,1765122040.6445596,1765122041.5134892
24,13,vm4,1765122040.6466846,1765122041.7036726
32,10,vm1,1765122040.6413257,1765122041.8195121
35,7,vm5,1765122041.2616825,1765122041.8197918
3,9,vm2,1765122041.4624343,1765122042.4509418
41,13,vm3,1765122041.5142765,1765122042.5458038
16,15,vm5,1765122041.704276,1765122042.667467
10,20,vm4,1765122041.820228,1765122043.2632623
7,16,vm5,1765122042.5464401,1765122043.5164177
5,12,vm2,1765122042.451637,1765122043.7336195
4,20,vm1,1765122041.8206244,1765122044.0228825
46,18,vm3,1765122042.6681051,1765122044.2684643
43,36,vm5,1765122043.5171194,1765122045.6034536
49,32,vm4,1765122043.263988,1765122045.6483223
11,20,vm2,1765122043.7342618,1765122045.7499607
2,20,vm3,1765122044.023567,1765122045.8147252
9,17,vm5,1765122045.750693,1765122046.7797742
26,16,vm4,1765122045.6490614,1765122046.7810013
48,40,vm1,1765122044.269275,1765122048.5053656
18,41,vm2,1765122045.6041167,1765122049.2518158
8,44,vm3,1765122045.815407,1765122049.30693
45,44,vm5,1765122046.7805815,1765122049.3276236
23,16,vm5,1765122049.2524502,1765122050.267857
31,54,vm4,1765122046.7815561,1765122050.6209126
0,19,vm4,1765122050.6216495,1765122051.9756222
34,39,vm2,1765122049.3075764,1765122052.7738457
21,47,vm3,1765122049.3283129,1765122053.35861
17,58,vm5,1765122050.26856,1765122053.7558775
47,51,vm1,1765122048.5060174,1765122053.8458562
38,57,vm4,1765122051.9763887,1765122055.8436024
33,41,vm3,1765122053.3592486,1765122056.4617305
19,42,vm2,1765122052.7745814,1765122056.6436038
6,99,vm5,1765122053.7564766,1765122059.025984
13,82,vm4,1765122055.844275,1765122061.0486226
22,87,vm1,1765122053.846677,1765122062.683993
20,99,vm2,1765122056.644231,1765122064.8690662
37,115,vm5,1765122059.0266302,1765122065.2567146
27,89,vm4,1765122061.0493264,1765122066.6688802
1,118,vm3,1765122056.4624221,1765122067.757066
29,82,vm1,1765122062.6846724,1765122070.9893007
25,111,vm5,1765122064.870243,1765122071.0118322
39,59,vm2,1765122066.6697114,1765122072.6192586
28,114,vm3,1765122065.2575068,1765122074.7514803
44,120,vm4,1765122067.7577245,1765122075.3501842
40,95,vm5,1765122070.9900403,1765122075.8788035
15,101,vm2,1765122071.0126007,1765122080.7442353
30,116,vm3,1765122074.7521174,1765122083.4993284
12,106,vm1,1765122072.619921,1765122083.687983
