task_id,duration,vm,start,end
36,9,vm5,1765121952.7604756,1765121953.460302
42,7,vm2,1765121952.7542374,1765121953.5632627
3,9,vm4,1765121952.7594485,1765121953.5925593
14,8,vm3,1765121952.7573195,1765121953.5971098
35,7,vm1,1765121952.7528405,1765121953.8283207
32,10,vm5,1765121953.4610004,1765121954.199776
5,12,vm4,1765121953.5638583,1765121954.5703237
24,13,vm3,1765121953.5932224,1765121954.691066
41,13,vm2,1765121953.597824,1765121954.8395858
7,16,vm5,1765121954.2004595,1765121955.153828
16,15,vm1,1765121953.8290246,1765121955.6091805
23,16,vm4,1765121954.5711946,1765121955.7450135
26,16,vm3,1765121954.6918154,1765121956.079378
46,18,vm5,1765121955.1544309,1765121956.2811341
9,17,vm2,1765121954.8405778,1765121956.463208
2,20,vm4,1765121955.7456982,1765121957.1991262
10,20,vm5,1765121956.281739,1765121957.5004728
4,20,vm3,1765121956.0800397,1765121957.8314247
0,19,vm1,1765121955.609729,1765121957.851425
11,20,vm2,1765121956.4637766,1765121958.3543265
49,32,vm4,1765121957.201219,1765121959.5607276
43,36,vm5,1765121957.5011039,1765121959.7531807
34,39,vm3,1765121957.832112,1765121961.1634524
33,41,vm5,1765121959.561375,1765121961.8335772
18,41,vm2,1765121958.3549542,1765121962.345988
48,40,vm1,1765121957.852089,1765121962.7850487
19,42,vm4,1765121959.7554462,1765121962.9068494
8,44,vm3,1765121961.1640558,1765121964.378196
45,44,vm5,1765121961.8343241,1765121964.5044332
31,54,vm4,1765121962.907434,1765121966.4326563
38,57,vm5,1765121964.3792996,1765121967.4645429
21,47,vm1,1765121962.3466256,1765121967.7304814
47,51,vm2,1765121962.7857647,1765121968.018104
17,58,vm3,1765121964.505318,1765121969.38698
39,59,vm4,1765121966.4333055,1765121970.3515584
29,82,vm5,1765121967.7311523,1765121972.0970716
13,82,vm2,1765121967.465335,1765121974.711651
27,89,vm3,1765121969.3877397,1765121975.9210067
6,99,vm5,1765121972.0978215,1765121977.2091444
22,87,vm1,1765121968.0187752,1765121977.628352
40,95,vm4,1765121970.3521786,1765121979.0595055
20,99,vm2,1765121974.7122285,1765121983.3304613
15,101,vm3,1765121975.9248354,1765121983.4909258
12,106,vm4,1765121977.2100463,1765121984.9906366
28,114,vm5,1765121979.0601904,1765121986.7783093
25,111,vm1,1765121977.628949,1765121988.8872528
37,115,vm5,1765121983.3311567,1765121991.154906
1,118,vm3,1765121984.9912355,1765121993.4810166
30,116,vm2,1765121983.4915366,1765121993.6190305
44,120,vm4,1765121986.77899,1765121994.276534
